{
  "oaa_fb": {
    "MAE": 0.277911562298735,
    "RMSE": 0.5416175276041031,
    "AbsRel": 0.1474674931168556,
    "log10": 0.06318530573199192,
    "delta1": 0.8092758236328761,
    "delta2": 0.9268485639492671,
    "delta3": 0.9662011820077896,
    "near<3": 0.13857771465379312,
    "mid3-6": 0.8363540339754626,
    "far>6": 1.8479217957628773,
    "Params(M)": 15.353642
  }
}