{
  "eco_r2": {
    "MAE": 0.29220169961452486,
    "MAE_plain": 0.22319605310757956,
    "RMSE": 0.5661669166882833,
    "AbsRel": 0.17384514153003694,
    "log10": 0.07354793523748716,
    "delta1": 0.7673854438463846,
    "delta2": 0.9029557617505392,
    "delta3": 0.9525496673583984,
    "near<3": 0.15853521464834963,
    "mid3-6": 0.8568566091824619,
    "far>6": 1.6437950753903554,
    "Params(M)": 156.066802
  },
  "eco_fb": {
    "MAE": 0.27803571581840514,
    "MAE_plain": 0.21408020754655202,
    "RMSE": 0.5351594607035319,
    "AbsRel": 0.16078666816155116,
    "log10": 0.06989661330978075,
    "delta1": 0.7763667345046997,
    "delta2": 0.909825066725413,
    "delta3": 0.9589720821380615,
    "near<3": 0.15424256952534054,
    "mid3-6": 0.7894109947540205,
    "far>6": 1.5329351173700443,
    "Params(M)": 156.067954
  },
  "eco_r6": {
    "MAE": 0.26457580626010896,
    "MAE_plain": 0.20357185403505962,
    "RMSE": 0.5212815908590952,
    "AbsRel": 0.15549511243899664,
    "log10": 0.06657136668761571,
    "delta1": 0.7971035567919413,
    "delta2": 0.918849089940389,
    "delta3": 0.9606386295954387,
    "near<3": 0.1464835353829593,
    "mid3-6": 0.7669274570192486,
    "far>6": 1.4194514042331365,
    "Params(M)": 156.069106
  },
  "eco_r8": {
    "MAE": 0.26097742895285286,
    "MAE_plain": 0.2007338770230611,
    "RMSE": 0.5121389619509379,
    "AbsRel": 0.15510752469301223,
    "log10": 0.06518636286258697,
    "delta1": 0.7997441991170248,
    "delta2": 0.9196164552370707,
    "delta3": 0.9618110219637553,
    "near<3": 0.14566137104247087,
    "mid3-6": 0.7292818443825969,
    "far>6": 1.461594850107128,
    "Params(M)": 156.070258
  }
}