{
  "eco_r2": {
    "MAE": 0.28086289544900256,
    "RMSE": 0.5495665987332662,
    "AbsRel": 0.16290930936733883,
    "log10": 0.07028710717956226,
    "delta1": 0.7834474396705627,
    "delta2": 0.9093869837125143,
    "delta3": 0.9552772068977355,
    "near<3": 0.15353966263453755,
    "mid3-6": 0.8199681249746296,
    "far>6": 1.5378637645328692,
    "Params(M)": 156.066802
  },
  "eco_fb": {
    "MAE": 0.27163343528906503,
    "RMSE": 0.5248113401730855,
    "AbsRel": 0.15632345139980316,
    "log10": 0.06736554329593976,
    "delta1": 0.788795927365621,
    "delta2": 0.9149149680137634,
    "delta3": 0.96089550892512,
    "near<3": 0.15087621574133248,
    "mid3-6": 0.7614760390159808,
    "far>6": 1.4700491801479076,
    "Params(M)": 156.067954
  },
  "eco_r6": {
    "MAE": 0.25971870601177216,
    "RMSE": 0.5116309221585592,
    "AbsRel": 0.15335534592469532,
    "log10": 0.0652613943318526,
    "delta1": 0.8009065596262613,
    "delta2": 0.9206268795331319,
    "delta3": 0.9618813228607178,
    "near<3": 0.14645019053745803,
    "mid3-6": 0.7318791944526194,
    "far>6": 1.3493278187681275,
    "Params(M)": 156.069106
  },
  "eco_r8": {
    "MAE": 0.25655495047569277,
    "RMSE": 0.5042334794998169,
    "AbsRel": 0.15347194343805312,
    "log10": 0.06407985577980678,
    "delta1": 0.8028626227378846,
    "delta2": 0.9199670052528381,
    "delta3": 0.962208620707194,
    "near<3": 0.14474111906303033,
    "mid3-6": 0.7002716041860645,
    "far>6": 1.40222164568798,
    "Params(M)": 156.070258
  }
}