{
  "oaa_r2_bmax": {
    "MAE": 0.2910385636985302,
    "MAE_plain": 0.22096843667328359,
    "RMSE": 0.5622468201319376,
    "AbsRel": 0.15768084245423475,
    "log10": 0.06712847245857119,
    "delta1": 0.7948167781035106,
    "delta2": 0.9186870356400808,
    "delta3": 0.9609647967418035,
    "near<3": 0.14551180551737378,
    "mid3-6": 0.8518292141761795,
    "far>6": 1.9889222146091337,
    "Params(M)": 15.353642
  },
  "oaa_fb_bmax": {
    "MAE": 0.26274924496809643,
    "MAE_plain": 0.2000358787427346,
    "RMSE": 0.5234478164712588,
    "AbsRel": 0.1388259101162354,
    "log10": 0.05964821546648939,
    "delta1": 0.8251598715782166,
    "delta2": 0.9323037709792455,
    "delta3": 0.9685056440035502,
    "near<3": 0.13064368239815663,
    "mid3-6": 0.8053072992637688,
    "far>6": 1.7635571474696494,
    "Params(M)": 15.353642
  },
  "oaa_r6_bmax": {
    "MAE": 0.24155722411970298,
    "MAE_plain": 0.18530108116567134,
    "RMSE": 0.48854439283410706,
    "AbsRel": 0.1292996377746264,
    "log10": 0.055880816026280325,
    "delta1": 0.8421995929876963,
    "delta2": 0.9397777911027273,
    "delta3": 0.9712390271822612,
    "near<3": 0.12506100533655876,
    "mid3-6": 0.6955204626659427,
    "far>6": 1.5555894925400344,
    "Params(M)": 15.353642
  },
  "oaa_r8_bmax": {
    "MAE": 0.2640148551017046,
    "MAE_plain": 0.20092603772878648,
    "RMSE": 0.5238451297581196,
    "AbsRel": 0.14333375605444112,
    "log10": 0.05945385819921891,
    "delta1": 0.8259546248118083,
    "delta2": 0.9330934345722198,
    "delta3": 0.9689307149251302,
    "near<3": 0.1335999354658227,
    "mid3-6": 0.7942490798793682,
    "far>6": 1.6246996587041667,
    "Params(M)": 15.353642
  }
}